"calBP","AD","mean","median","lo50","hi50","lo95","hi95"
0,1950,0.04825,0,0,0,0,1
10,1940,0.067,0,0,0,0,1
20,1930,0.08125,0,0,0,0,1
30,1920,0.08875,0,0,0,0,1
40,1910,0.09725,0,0,0,0,1
50,1900,0.10275,0,0,0,0,1
60,1890,0.11225,0,0,0,0,1
70,1880,0.11875,0,0,0,0,1
80,1870,0.123,0,0,0,0,1
90,1860,0.13375,0,0,0,0,1
100,1850,0.14075,0,0,0,0,1
110,1840,0.1595,0,0,0,0,1
120,1830,0.1745,0,0,0,0,1
130,1820,0.202,0,0,0,0,1
140,1810,0.2425,0,0,0,0,1
150,1800,0.28675,0,0,1,0,2
160,1790,0.32725,0,0,1,0,2
170,1780,0.34175,0,0,1,0,2
180,1770,0.344,0,0,1,0,2
190,1760,0.3425,0,0,1,0,2
200,1750,0.3465,0,0,1,0,2
210,1740,0.3545,0,0,1,0,2
220,1730,0.3675,0,0,1,0,2
230,1720,0.3955,0,0,1,0,2
240,1710,0.4525,0,0,1,0,2
250,1700,0.52325,0,0,1,0,2
260,1690,0.64325,1,0,1,0,2
270,1680,0.81,1,0,1,0,3
280,1670,1.0055,1,0,2,0,3
290,1660,1.17825,1,1,2,0,3
300,1650,1.26725,1,1,2,0,3
310,1640,1.2815,1,1,2,0,3
320,1630,1.25875,1,1,2,0,3
330,1620,1.246,1,1,2,0,3
340,1610,1.236,1,0,2,0,3
350,1600,1.23275,1,0,2,0,3
360,1590,1.25625,1,1,2,0,3
370,1580,1.3075,1,1,2,0,4
380,1570,1.357,1,1,2,0,4
390,1560,1.43375,1,1,2,0,4
400,1550,1.5265,1,1,2,0,4
410,1540,1.6285,2,1,2,0,4
420,1530,1.77325,2,1,2,0,4
430,1520,1.93575,2,1,3,0,5
440,1510,2.158,2,1,3,0,5
450,1500,2.4465,2,1,3,0,5
460,1490,2.801,3,2,4,0,6
470,1480,3.2705,3,2,4,1,6
480,1470,3.74725,4,3,5,1,6
490,1460,4.12925,4,3,5,2,7
500,1450,4.37075,4,3,5,2,7
510,1440,4.502,4,4,5,2,7
520,1430,4.55775,5,4,5,2,7
530,1420,4.61,5,4,6,2,7
540,1410,4.606,5,4,6,2,7
550,1400,4.584,5,4,6,2,7
560,1390,4.56825,4,4,6,2,8
570,1380,4.4705,4,3,5,2,7
580,1370,4.22875,4,3,5,1,7
590,1360,3.8445,4,3,5,1,7
600,1350,3.512,3,2,5,1,7
610,1340,3.31275,3,2,4,1,6
620,1330,3.251,3,2,4,1,6
630,1320,3.32475,3,2,4,1,6
640,1310,3.3985,3,2,4,1,6
650,1300,3.3115,3,2,4,1,6
660,1290,2.99675,3,2,4,1,6
670,1280,2.567,2,2,3,0,6
680,1270,2.233,2,1,3,0,5
690,1260,2.1045,2,1,3,0,5
700,1250,2.112,2,1,3,0,5
710,1240,2.279,2,1,3,0,5
720,1230,2.552,2,2,3,0,5
730,1220,2.95325,3,2,4,1,6
740,1210,3.3895,3,2,4,1,6
750,1200,3.73975,4,3,5,1,7
760,1190,3.88775,4,3,5,1,7
770,1180,3.86775,4,3,5,1,7
780,1170,3.71625,4,3,5,1,7
790,1160,3.419,3,2,4,1,7
800,1150,3.07625,3,2,4,0,6
810,1140,2.844,3,2,4,0,6
820,1130,2.722,3,2,4,0,6
830,1120,2.66525,3,2,4,0,5
840,1110,2.631,3,2,4,0,6
850,1100,2.66175,3,2,4,0,6
860,1090,2.7145,3,2,4,0,6
870,1080,2.8255,3,2,4,0,6
880,1070,2.9155,3,2,4,0,6
890,1060,2.94225,3,2,4,0,6
900,1050,2.846,3,2,4,0,6
910,1040,2.67825,3,2,4,0,6
920,1030,2.49975,2,2,3,0,5
930,1020,2.346,2,1,3,0,5
940,1010,2.22025,2,1,3,0,5
950,1000,2.07575,2,1,3,0,5
960,990,1.92075,2,1,3,0,4
970,980,1.73725,2,1,2,0,4
980,970,1.5405,1,1,2,0,4
990,960,1.382,1,1,2,0,4
1000,950,1.25025,1,0,2,0,3
1010,940,1.132,1,0,2,0,3
1020,930,1.06475,1,0,2,0,3
1030,920,1.00775,1,0,2,0,3
1040,910,0.96575,1,0,1.25,0,3
1050,900,0.91125,1,0,1,0,3
1060,890,0.8665,1,0,1,0,3
1070,880,0.85375,1,0,1,0,3
1080,870,0.84975,1,0,1,0,3
1090,860,0.85275,1,0,1,0,3
1100,850,0.85425,1,0,1,0,3
1110,840,0.85,1,0,1,0,3
1120,830,0.87025,1,0,1,0,3
1130,820,0.8775,1,0,1,0,3
1140,810,0.872,1,0,1,0,3
1150,800,0.85875,1,0,1,0,3
1160,790,0.82125,1,0,1,0,3
1170,780,0.78175,1,0,1,0,3
1180,770,0.752,1,0,1,0,3
1190,760,0.72275,1,0,1,0,2
1200,750,0.7025,1,0,1,0,2
1210,740,0.70825,1,0,1,0,2
1220,730,0.71775,1,0,1,0,2
1230,720,0.7175,1,0,1,0,2
1240,710,0.686,1,0,1,0,2
1250,700,0.65075,1,0,1,0,2
1260,690,0.61825,0,0,1,0,2
1270,680,0.577,0,0,1,0,2
1280,670,0.53,0,0,1,0,2
1290,660,0.4885,0,0,1,0,2
1300,650,0.45075,0,0,1,0,2
1310,640,0.40775,0,0,1,0,2
1320,630,0.6235,1,0,1,0,2
1330,620,0.5855,0,0,1,0,2
1340,610,0.5545,0,0,1,0,2
1350,600,0.52025,0,0,1,0,2
1360,590,0.487,0,0,1,0,2
1370,580,0.45775,0,0,1,0,2
1380,570,0.43,0,0,1,0,2
1390,560,0.398,0,0,1,0,2
1400,550,0.36825,0,0,1,0,2
1410,540,0.3085,0,0,1,0,2
1420,530,0.20625,0,0,0,0,1
1430,520,0.1135,0,0,0,0,1
1440,510,0.0845,0,0,0,0,1
1450,500,0.0785,0,0,0,0,1
1460,490,0.06825,0,0,0,0,1
1470,480,0.06175,0,0,0,0,1
1480,470,0.05625,0,0,0,0,1
1490,460,0.0535,0,0,0,0,1
1500,450,0.04925,0,0,0,0,1
1510,440,0.04375,0,0,0,0,1
1520,430,0.03825,0,0,0,0,1
1530,420,0.033,0,0,0,0,1
1540,410,0.0285,0,0,0,0,1
1550,400,0.026,0,0,0,0,1
1560,390,0.02475,0,0,0,0,0
1570,380,0.02175,0,0,0,0,0
1580,370,0.02,0,0,0,0,0
1590,360,0.0195,0,0,0,0,0
1600,350,0.01675,0,0,0,0,0
1610,340,0.01575,0,0,0,0,0
1620,330,0.01775,0,0,0,0,0
1630,320,0.01725,0,0,0,0,0
1640,310,0.0175,0,0,0,0,0
1650,300,0.015,0,0,0,0,0
1660,290,0.01575,0,0,0,0,0
1670,280,0.01575,0,0,0,0,0
1680,270,0.01475,0,0,0,0,0
1690,260,0.015,0,0,0,0,0
1700,250,0.0135,0,0,0,0,0
1710,240,0.01375,0,0,0,0,0
1720,230,0.01325,0,0,0,0,0
1730,220,0.013,0,0,0,0,0
1740,210,0.01275,0,0,0,0,0
1750,200,0.01125,0,0,0,0,0
1760,190,0.0105,0,0,0,0,0
1770,180,0.011,0,0,0,0,0
1780,170,0.0105,0,0,0,0,0
1790,160,0.00925,0,0,0,0,0
1800,150,0.00875,0,0,0,0,0
1810,140,0.00725,0,0,0,0,0
1820,130,0.00725,0,0,0,0,0
1830,120,0.00825,0,0,0,0,0
1840,110,0.0075,0,0,0,0,0
1850,100,0.00775,0,0,0,0,0
1860,90,0.008,0,0,0,0,0
1870,80,0.0075,0,0,0,0,0
1880,70,0.0085,0,0,0,0,0
1890,60,0.0075,0,0,0,0,0
1900,50,0.00725,0,0,0,0,0
1910,40,0.00725,0,0,0,0,0
1920,30,0.00575,0,0,0,0,0
1930,20,0.005,0,0,0,0,0
1940,10,0.0045,0,0,0,0,0
1950,0,0.0035,0,0,0,0,0
1960,-10,0.0035,0,0,0,0,0
1970,-20,0.0035,0,0,0,0,0
1980,-30,0.0035,0,0,0,0,0
1990,-40,0.003,0,0,0,0,0
2000,-50,0.00125,0,0,0,0,0
